{"cameraMode":{"drawMode":0,"name":"Shaded","section":"Shading Mode"},"sceneLighting":true,"audioPlay":false,"sceneViewState":{"m_AlwaysRefresh":false,"showFog":true,"showSkybox":true,"showFlares":true,"showImageEffects":true,"showParticleSystems":true,"showVisualEffectGraphs":true,"m_FxEnabled":true},"in2DMode":false,"pivot":{"x":11.765289306640625,"y":-23.78261947631836,"z":17.258949279785158},"rotation":{"x":-0.34869134426116946,"y":-0.26538196206092837,"z":0.10363807529211045,"w":-0.8928865194320679},"size":24.38574981689453,"orthographic":false}